/第四章,单选题,社会主义核心价值观集中体现（）的本质属性，代表全体人民共同的价值追求。,B,易,,4,资本主义,社会主义,功利主义,个人主义,,,
/第四章,单选题,马克思说：“随着每一次社会秩序的巨大历史变革，人们的观点和观念也会发生变革。”这说明价值观具有（）。,B,中,,4,阶级性,时代性,永恒性,抽象性,,,
/第四章,多选题,人们的社会存在和社会生活是（），是属于一定时代的，反映社会存在和社会生活的价值观总是表现出鲜明的时代特点。,AB,易,,4,具体的,现实的,抽象的,一成不变的,,,
/第四章,单选题,以下关于价值观时代性的表述中，不正确的是（）。,D,中,,4,回应着特殊的时代性问题,表现一定时代人们的需要和利益诉求,反映着特定的时代精神,抽象的、超历史的、一成不变的价值观是存在的,,,
/第四章,判断题,抽象的、超历史的、一成不变的价值观是存在的。,B,中,,2,正确,错误,,,,,
/第四章,单选题,价值观的（）体现着一个民族区别于其他民族的精神气质。,D,易,,4,时代性,现实性,具体性,民族性,,,
/第四章,多选题,不同阶级由于其（）不同而有着不同的价值观。,AB,易,,4,阶级地位,经济利益,生命价值,思考能力,,,
/第四章,填空题,在阶级社会里，占统治地位的价值观都是（）的价值观，为其统治和利益辩护。,,中,,1,统治阶级,,,,,,
/第四章,判断题,被统治阶级自身是没有价值观的。,B,中,,2,正确,错误,,,,,
/第四章,多选题,以下关于核心价值观的表述中，正确的是（）。,ABCD,中,,4,核心价值观是一定社会形态、社会性质的集中体现,在一个社会的思想观念体系中处于主导地位,体现着社会制度的阶级属性、社会运行的基本原则和社会发展的基本方向,核心价值观作用于经济社会生活的各个方面,,,
/第四章,判断题,核心价值观是一个民族赖以维系的精神纽带，是一个国家共同的思想道德基础。,A,易,,2,正确,错误,,,,,
/第四章,判断题,世界上各种文化之争，本质上是价值观念之争，也是人心之争、意识形态之争。,A,难,,2,正确,错误,,,,,
/第四章,多选题,社会主义核心价值体系的内容包括（）。,ABCD,中,,4,马克思主义指导思想,中国特色社会主义共同理想,以爱国主义为核心的民族精神和以改革创新为核心的时代精神,社会主义荣辱观,,,
/第四章,判断题,社会主义核心价值观是社会主义核心价值体系的精神内核。,A,易,,2,正确,错误,,,,,
/第四章,填空题,社会主义核心价值观体现了（）的根本性质和基本特征。,,难,,1,社会主义核心价值体系,,,,,,
/第四章,多选题,关于社会主义核心价值观和社会主义核心价值体系的关系，理解正确的有（）。,ABCD,中,,4,两者紧密联系、互为依存、相辅相成,具有内在的一致性,都体现了社会主义意识形态的本质要求,体现了社会主义制度在思想和精神层面的质的规定性,,,
/第四章,单选题,社会主义核心价值观体现了（）的本质要求。,C,中,,4,资本主义,奴隶主义,社会主义,封建主义,,,
/第四章,单选题,富强、民主、文明、和谐从（）标注了社会主义核心价值观的时代刻度。,A,中,,4,国家层面,社会层面,公民层面,全球层面,,,
/第四章,填空题,（）是促进社会进步、人的自由全面发展的物质基础，体现了马克思主义唯物史观生产力标准的根本要求。,,中,,1,富强,,,,,,
/第四章,填空题,民主是社会主义民主，是（）当家作主，不是由别人作主，也不是少数人作主。,,中,,1,人民,,,,,,
/第四章,判断题,人民民主是人民群众创造历史的集中体现。,A,难,,2,正确,错误,,,,,
/第四章,多选题,社会主义核心价值观倡导的民主是（）。,ABCD,中,,4,真实的民主,广泛的民主,高效的民主,丰富的民主,,,
/第四章,多选题,和谐的中国是（）相统一的社会主义国家。,ABCD,易,,4,民主与法治,公平与效率,活力与秩序,人与自然,,,
/第四章,单选题,关于社会主义核心价值观所倡导的平等，下列理解中不正确的是（）。,B,易,,4,兼顾效率与公平,不患寡而患不均,政治上平等参与,经济上共同富裕,,,
/第四章,判断题,在当代中国，全面推进依法治国，加快建设社会主义法治国家，是坚持和发展中国特色社会主义的本质要求和重要保障。,A,难,,2,正确,错误,,,,,
/第四章,单选题,爱国、敬业、诚信、友善，这一价值追求回答的是我们要（）的重大问题。,D,易,,4,建设什么样的国家,建设什么样的社会,弘扬什么样的文化,培育什么样的公民,,,
/第四章,多选题,社会主义核心价值观倡导的敬业，要求人们（），热爱和认同自己的职业和工作，珍惜和保护他人的劳动成果。,ABCD,易,,4,尊重劳动,尊重知识,尊重人才,尊重创造,,,
/第四章,多选题,社会主义核心价值观倡导的敬业，要求人们视（）为公民的社会责任和义务。,ABCD,易,,4,职业,贡献,劳动,创造,,,
/第四章,填空题,文化软实力的竞争，本质上是不同文化所代表的（）的竞争。,,难,,1,核心价值观,,,,,,
/第四章,多选题,价值观是人们对事物的意义和价值的反映与判断，是人们关于应该做什么和不应该做什么的基本观点，是区分（）等的总观念。,ABCD,易,,4,好与坏,对与错,善与恶,美与丑,,,
/第四章,多选题,核心价值观体现着（）。,ABC,中,,4,社会制度的阶级属性,社会运行的基本原则,社会发展的基本方向,社会形态的永恒不变,,,
/第四章,多选题,中华人民共和国成立以来特别是改革开放以来，中国共产党带领全国人民在（）等方面建立了一套比较成熟的基本制度和体制，成功探索出了一条中国特色社会主义道路。,ABCD,易,,4,经济,政治,文化,社会,,,
/第四章,多选题,社会主义核心价值观和社会主义核心价值体系，两者的关系是（）的。,ABC,易,,4,紧密联系,互为依存,相辅相成,相互独立,,,
/第四章,填空题,（）反映了社会主义核心价值体系的丰富内涵和实践要求。,,中,,1,社会主义核心价值观,,,,,,
/第四章,多选题,推进社会主义核心价值观与社会主义核心价值体系建设，就要（）。,ABC,中,,4,弘扬共同理想,凝聚精神力量,引领道德风尚,激化知行矛盾,,,
/第四章,单选题,富强、民主、文明、和谐的价值追求，回答了我们要（）的重大问题，揭示了当代中国经济社会发展的价值目标。,C,易,,4,构建什么样的世界,培育什么样的公民,建设什么样的国家,建设什么样的社会,,,
/第四章,多选题,社会主义核心价值观倡导的民主不仅有选举民主，还有协商民主、基层民主，保证人民依法实行（）。,ABCD,易,,4,民主选举,民主决策,民主管理,民主监督,,,
/第四章,判断题,协商民主是实现党的领导的重要方式，是我国社会主义民主政治的特有形式和独特优势。,A,难,,2,正确,错误,,,,,
/第四章,单选题,社会主义核心价值观倡导的自由，是（）、实质上的、真实的自由。,D,易,,4,少数人的,形式上的,虚伪的,绝大多数人的,,,
/第四章,多选题,社会主义核心价值观倡导的自由，是（）的自由。,CD,易,,4,凌驾于社会利益之上的,绝对的个人的,受到法律和规范制约的,权利和义务对等的,,,
/第四章,多选题,社会主义核心价值观倡导的平等是要让人人都能（），政治上平等参与、经济上共同富裕、文化上共建共享，同祖国和时代一起成长进步。,ABC,易,,4,公平行使社会权利,履行社会义务,分享社会成果,直接参与国家决策,,,
/第四章,多选题,社会主义社会的各项制度安排，归根结底是将最广大人民的根本利益作为出发点和落脚点，在社会发展过程中尽最大努力（）。,ABC,易,,4,实现人民的愿望,满足人民的需要,维护人民的根本利益,实现按需分配,,,
/第四章,多选题,社会主义核心价值观倡导的爱国，就是（）。,ABCD,中,,4,把个人价值的实现同推动国家的繁荣发展对接,把人生意义的提升同增进最广大人民的福祉相连,不断加深对祖国悠久历史、灿烂文化的认同,不断增强做中国人的骨气和底气,,,
/第四章,单选题,敬业的“业”，涵盖了人们所从事的一切促进人类生存与发展的生产劳动领域，本质上就是由（）重要地位决定的。,B,中,,4,认识,劳动,学习,意识,,,
/第四章,单选题,2018年3月，（）通过宪法修正案，把国家倡导社会主义核心价值观正式写入宪法，进一步凸显了社会主义核心价值观的重大意义。,A,中,,4,十三届全国人大一次会议,十三届全国人大二次会议,十三届全国人大三次会议,十三届全国人大四次会议,,,
/第四章,多选题,启蒙运动和法国大革命时期，（）的价值理念，使资本主义价值观具有了更加广泛的世界影响。,ABC,易,,4,自由,平等,博爱,大同,,,
/第四章,判断题,马克思主义提出在生产资料公有制和生产力高度发展的基础上，建立真正实现人人平等的公平正义的社会，更是迄今为止人类最先进、最广泛的价值追求。,A,难,,2,正确,错误,,,,,
/第四章,多选题,当前，我国正处在经济转轨和社会转型的加速期，培育和践行社会主义核心价值观，能够（）。,ABCD,易,,4,在具体利益矛盾、各种思想差异之上最广泛地形成价值共识,有效引领整合纷繁复杂的社会思想意识,有效避免利益格局调整可能带来的思想对立和混乱,形成团结奋斗的强大精神力量,,,
/第四章,多选题,社会主义核心价值观以其（）站在人类道义制高点上，彰显出独特而强大的价值观优势。,ACD,易,,4,先进性,抽象性,人民性,真实性,,,
/第四章,判断题,在阶级社会中，核心价值观体现的是这个社会中的被统治阶级的根本利益。,B,中,,2,正确,错误,,,,,
/第四章,单选题,社会主义核心价值观的历史底蕴集中体现在（）。,C,难,,4,拒绝学习一切西方文化,以儒家思想为指导思想,源远流长的中华优秀传统文化,以道家思想为指导思想,,,
/第四章,多选题,下列各项中，代表了人类对美好社会的憧憬的有（）。,ABCD,易,,4,中国古代的“大同社会”,古希腊的“理想国”,资本主义启蒙思想家对封建等级制的批判,空想社会主义对未来美好社会的设想,,,
/第四章,单选题,（）是社会主义核心价值观的根本特性。,B,易,,4,时代性,人民性,现实性,具体性,,,
/第四章,填空题,马克思主义唯物史观从社会存在决定社会意识的立场出发去考察人类社会发展历史，确认人民群众在社会历史发展中的主体作用，认为（）是历史的创造者。,,中,,1,人民群众;人民,,,,,,
/第四章,填空题,中国共产党人的初心和使命就是为中国人民谋（）、为中华民族谋复兴，这也是我们党领导现代化建设的出发点和落脚点。,,易,,1,幸福,,,,,,
/第四章,填空题,在2020年中国抗击新冠肺炎疫情斗争中，人民至上、（）成为最醒目的价值导向，深刻彰显了我国社会主义核心价值观的人民性。,,易,,1,生命至上,,,,,,
/第四章,填空题,全心全意（）是中国共产党的根本宗旨。,,易,,1,为人民服务,,,,,,
/第四章,单选题,中国的民主制度不是装饰品，不是用来做摆设的，而是用来解决人民需要解决的问题的，这说明社会主义核心价值观与以往价值观的一个重要区别在于其（）。,D,易,,4,永恒性,时代性,抽象性,真实性,,,
/第四章,多选题,中国特色社会主义民主通过选举民主、协商民主、基层民主，保证人民依法实行（）。,ABCD,易,,4,民主选举,民主决策,民主管理,民主监督,,,
/第四章,多选题,社会主义核心价值观的道义力量指其（）。,ABD,中,,4,先进性,人民性,抽象性,真实性,,,
/第四章,多选题,以下关于社会主义核心价值观的认识中，正确的有（）。,ABC,中,,4,社会主义核心价值观是社会主义制度所坚持和追求的核心价值理念,社会主义核心价值观渗透于经济、政治、文化、社会、生态建设的各个方面,社会主义核心价值观反映着我国社会主义基本制度的本质要求,社会主义核心价值观应该向全世界推广,,,
/第四章,多选题,坚定社会主义核心价值观自信，就要（）。,ABCD,中,,4,自觉以社会主义核心价值观为引领,运用马克思主义客观辩证地分析各种错误价值观的实质,不断增强社会凝聚力和价值共识,充分认识社会主义核心价值观的优越性,,,
/第四章,判断题,反对西方所谓的“普世价值”，说明人类社会根本不存在共同价值。,B,中,,2,正确,错误,,,,,
/第四章,单选题,（）既是对社会主义运动规律的科学把握，又是基于历史必然性的价值诉求；既吸收人类社会共同向往的价值观，又前无古人地站在最大多数人民的价值立场上，提出自己的价值目标和价值追求。,C,易,,4,资本主义,功利主义,科学社会主义,实用主义,,,
/第四章,单选题,新时代中国特色社会主义所取得的开创性成就，使（）在21世纪的中国焕发出强大的生机和活力，彰显了社会主义制度的独特创造力和强大生命力。,B,易,,4,功利主义,科学社会主义,个人主义,实用主义,,,
/第四章,多选题,在世界几大古代文明中，中华文明之所以能够没有中断并延续发展至今，一个重要原因就是中华民族有一脉相承的（）。,ABC,易,,4,精神追求,精神特质,精神脉络,物质追求,,,
/第四章,单选题,西方国家所谓的“普世价值”并非指人类道德评价、审美评价的普遍性或共性，而是特指（）价值观。,B,易,,4,共产主义,资本主义,封建主义,社会主义,,,
/第四章,单选题,（）的价值取向决定着未来整个社会的价值取向。,C,易,,4,中年,壮年,青年,老年,,,
/第四章,多选题,由于（），大学生更加需要正确价值观的引领。,ABCD,难,,4,世界范围内各种思想文化出现交流交融交锋,整个社会思想价值观念多元多样、复杂多变,大学生正处在人生成长的关键时期,青年的价值取向决定着未来整个社会的价值取向,,,
/第四章,多选题,大学生正处于学习科学知识的黄金时期，要下得苦功夫，求得真学问，下列说法体现了勤学的有（）。,BD,中,,4,三天打鱼，两天晒网,学如弓弩，才如箭镞,一曝十寒，有始无终,书山有路勤为径，学海无涯苦作舟,,,
/第四章,多选题,下列说法中体现了修德的是（）。,AC,中,,4,见善则迁,见利忘义,有过则改,损公肥私,,,
/第四章,多选题,当前，在一些领域和一些人当中，价值判断没有了界限、丧失了底线，甚至以假乱真、以丑为美、以耻为荣。大学生要善于明辨是非，善于判断选择，要（）。,ABCD,易,,4,旗帜鲜明地弘扬真善美、贬斥假恶丑,澄清模糊认识,匡正失范行为,自觉做良好道德风尚的建设者、社会文明进步的推动者,,,
/第四章,多选题,道不可坐论，德不能空谈。下列各项中体现了笃实的是（）。,BCD,难,,4,心浮气躁，朝三暮四,积土而为山，积水而为海,空谈误国，实干兴邦,绝知此事要躬行,,,
/第四章,多选题,新时代大学生要将社会主义核心价值观转化为人生的价值准则，做到（），在激扬青春、开拓人生、奉献社会的进程中书写无愧于时代的壮丽篇章。,ABCD,易,,4,勤学以增智,修德以立身,明辨以正心,笃实以为功,,,
/第四章,单选题,养大德方可成大业，以下不属于“大德”的是（）。,D,易,,4,报效祖国,服务人民,奉献社会,明哲保身,,,
/第五章,单选题,道德起源的首要前提是（）。,D,易,,4,社会关系,社会经济,人类自我意识,劳动,,,
/第五章,单选题,（）创造了人、社会和社会关系，也创造了道德。,B,易,,4,自然,劳动,动物进化,语言,,,
/第五章,单选题,马克思主义在人类思想史上第一次科学而全面地论述了道德的起源问题，强调道德属于（）。,C,易,,4,经济范畴,法律范畴,上层建筑的范畴,艺术范畴,,,
/第五章,单选题,（）在人类思想史上第一次科学而全面地论述了道德的起源问题，强调道德是一种特殊的社会意识形态。,A,易,,4,马克思主义,黑格尔主义,实用主义,社会达尔文主义,,,
/第五章,单选题,道德的产生、发展和变化，归根结底源于（）。,D,易,,4,在法律上的反映,全体人民的意愿,统治阶级的意志,社会经济关系,,,
/第五章,单选题,不同阶级之间的道德或多或少有一些共同之处，反映着道德的（）。,C,易,,4,时代性,阶级性,普遍性,相对独立性,,,
/第五章,单选题,道德的（）既表现为道德的历史继承性，也表现为道德对社会发展具有能动的反作用。,B,易,,4,阶级性,相对独立性,时代性,普遍性,,,
/第五章,单选题,道德反映社会关系特别是反映社会经济关系的功效与能力，是道德的（）。,C,中,,4,调节功能,激励功能,认识功能,导向功能,,,
/第五章,单选题,道德的主要功能不包括（）。,C,易,,4,调节功能,认识功能,处罚功能,规范功能,,,
/第五章,单选题,道德的（）是指道德通过评价等方式指导和纠正人们的行为和实践活动、协调社会关系和人际关系的功效与能力。,A,易,,4,调节功能,认识功能,处罚功能,规范功能,,,
/第五章,单选题,社会主义道德的原则是（）。,C,易,,4,个人主义,金钱至上,集体主义,实用主义,,,
/第五章,单选题,（）强调国家利益、社会整体利益和个人利益的辩证统一。,B,易,,4,实用主义,集体主义,功利主义,个人主义,,,
/第五章,单选题,集体主义强调，在个人利益与国家利益、社会整体利益发生矛盾冲突的时候，要（）。,B,中,,4,坚持国家利益、社会整体利益服从个人利益,坚持国家利益、社会整体利益高于个人利益,为国家利益、社会整体利益无条件牺牲个人利益,为个人利益暂时放弃国家利益、社会整体利益,,,
/第五章,单选题,集体主义原则强调国家利益、社会整体利益高于个人利益的同时，也强调（）。,D,易,,4,维护小团体的利益,先私后公,先己后人,重视和保障个人的正当利益,,,
/第五章,单选题,原始的劳动分工与协作，使（）之间的相互依赖、相互扶持自觉不自觉地成为当时最自然、最朴实的道德生活状态。,A,易,,4,人与人,人与社会,人与自然,人与家庭,,,
/第五章,单选题,在人类道德史上，一切道德上的兴衰起伏、进退消长，从根本上说都是源于（）的变革。,B,易,,4,政治关系,社会经济关系,文化关系,社会心理形态,,,
/第五章,单选题,道德作为一种社会意识，在阶级社会里总是反映着一定阶级的利益，因而不可避免地具有（）。,B,易,,4,相对独立性,阶级性,普遍性,时代性,,,
/第五章,单选题,道德与法律规范、政治规范的不同之处不包括（）。,D,易,,4,用善恶标准去评价,依靠社会舆论、传统习俗、内心信念来维持,是一种非强制性的规范,有明确的条文规定,,,
/第五章,单选题,道德把握世界的方式是从人的需要出发，从特定的价值出发来（）。,B,易,,4,描述世界,改造世界,再现世界,反映世界,,,
/第五章,单选题,（）是道德的核心问题，决定并体现着道德建设的根本性质和发展方向，规定并制约着道德领域中的所有道德现象。,B,中,,4,如何提升自身修养,为什么人服务,怎样引导人们正确实践,对错误行为如何处罚,,,
/第五章,单选题,传统道德中的义利之辨、理欲之辨，其核心和本质是（）。,B,中,,4,忠孝之辨,公私之辨,和战之辨,儒法之辩,,,
/第五章,单选题,墨家非常重视“修身”，强调“察色修身”和“以身戴行”，这反映的是中华传统美德中的（）。,B,难,,4,注重人伦关系，重视道德义务,强调道德修养，注重道德践履,重视整体利益，强调责任奉献,追求精神境界，向往理想人格,,,
/第五章,单选题,传统道德是一个矛盾体，属于精华的部分，表现出积极、革新、进步的一面；属于糟粕的部分，则表现出消极、保守、落后的一面。这说明传统道德具有鲜明的（）。,B,易,,4,广泛性,两重性,丰富性,现实性,,,
/第五章,单选题,（）认为道德建设的最终目标就是要恢复中国“固有文化”，形成以中国传统文化为主体的道德体系。,B,易,,4,“万能论”,“复古论”,“虚无论”,“无用论”,,,
/第五章,单选题,中国革命道德萌芽于（）。,D,易,,4,土地革命时期,抗日战争时期,解放战争时期,五四运动前后,,,
/第五章,单选题,共产党人和革命者从事革命活动的目的就是要为革命利益而奋斗，当个人利益与革命利益发生矛盾时，以下做法不正确的是（）。,D,易,,4,以革命利益为第一生命,以个人利益服从革命利益,必要时应当牺牲自己的利益,首先保障个人利益,,,
/第五章,单选题,社会公德是指人们在社会交往和公共生活中应该遵守的（）。,D,中,,4,法律准则,职业要求,家庭美德,行为准则,,,
/第五章,单选题,“赠人玫瑰，手留余香”属于社会公德主要内容中（）的要求。,B,中,,4,遵纪守法,助人为乐,爱护公物,保护环境,,,
/第五章,单选题,在社会公德要求中，（）是调整和规范人际关系的行为准则。,B,易,,4,爱护公物,文明礼貌,保护环境,遵纪守法,,,
/第五章,单选题,大学生要文明上网，自觉维护良好网络秩序。以下做法不正确的是（）。,D,易,,4,进行健康网络交往,自觉避免沉迷网络,加强网络道德自律,享受网络绝对自由,,,
/第五章,单选题,职业道德，是指从事一定职业的人在职业生活中应当遵循的具有职业特征的道德要求和（）。,C,中,,4,发展目标,法律法规,行为准则,文学素养,,,
/第五章,单选题,家庭教育涉及很多方面，但最重要的是（），是如何做人的教育。,B,中,,4,物质教育,品德教育,智力教育,体育教育,,,
/第五章,单选题,家庭关系中的男女平等主要是（）平等，以及夫妻权利和义务上的平等。,A,中,,4,人格地位,消费支出,家务分配,工资收入,,,
/第五章,单选题,持有“不在乎天长地久，只在乎曾经拥有”这种观点的人（）。,C,难,,4,误把友谊当爱情,错置了爱情的地位,只重过程不顾后果,功利化地对待恋爱,,,
/第五章,单选题,（）是通过社会道德教育和个人自觉的道德修养所形成的稳定的心理状态和行为习惯。,B,易,,4,社会公德,个人品德,职业道德,家庭美德,,,
/第五章,单选题,志愿服务精神的精髓是指（）。,A,易,,4,奉献,友爱,互助,进步,,,
/第五章,单选题,（）要求从业人员在工作岗位上兢兢业业地为社会和他人作贡献，是社会主义职业道德中最高层次的要求，体现了社会主义职业道德的最高目标指向。,D,易,,4,爱岗敬业,办事公道,热情服务,奉献社会,,,
/第五章,多选题,道德是一种特殊的社会意识形态，它是以善恶为评价方式，主要依靠（）来发挥作用的行为规范的总和。,ACD,易,,4,内心信念,国家强制,社会舆论,传统习俗,,,
/第五章,多选题,自古以来，人们就在探讨道德的起源并提岀了种种见解或理论，包括（）。,ABCD,易,,4,“天意神启论”,“先天人性论”,“情感欲望论”,“动物本能论”,,,
/第五章,多选题,道德是一种调整（）关系的特殊的行为规范。,ABCD,易,,4,人与人,人与社会,人与自然,人与自身之间,,,
/第五章,多选题,在道德的功能系统中，（）是最基本的功能。,ABC,中,,4,认识功能,规范功能,调节功能,处罚功能,,,
/第五章,多选题,道德的调节功能主要是通过调节（）的关系而使之逐步完善和谐。,ABCD,易,,4,人与人,人与社会,人与自然,人与自身之间,,,
/第五章,多选题,为人民服务是（）的统一。,AB,易,,4,先进性要求,广泛性要求,永恒性要求,抽象性要求,,,
/第五章,多选题,在我国，（）根本上的一致性，使得集体主义应当而且能够在全社会范围内贯彻实施。,ABC,易,,4,国家利益,社会整体利益,个人利益,个人所有需求,,,
/第五章,多选题,（）是集体主义的最高层次，是优秀共产党员、先进分子应努力达到的道德目标。,BC,易,,4,明哲保身,无私奉献,一心为公,先私后公,,,
/第五章,多选题,集体主义离我们并不遥远，在具体的学习工作生活中，（），以正当合法的手段保障个人利益，是对公民最基本的道德要求。,ABCD,易,,4,顾全大局,遵纪守法,热爱祖国,诚实劳动,,,
/第五章,多选题,当代大学生应正确认识和处理国家利益、社会整体利益和个人利益的关系，自觉坚持（）。,ABCD,中,,4,个人利益服从集体利益,局部利益服从整体利益,当前利益服从长远利益,反对小团体主义、本位主义和极端个人主义,,,
/第五章,多选题,人的自我意识是道德产生的主观条件，只有在社会实践中（），道德才得以产生。,ABCD,中,,4,意识到自我作为社会成员与其他动物的根本区别,意识到自我在社会中的角色与地位,意识到自我与他人或集体不同的利益关系,产生调节利益矛盾的迫切要求,,,
/第五章,多选题,道德往往运用（）等范畴，反映人类的道德实践活动和道德关系，从中揭示社会道德发展的趋势，为人们的行为选择提供指南。,ABCD,易,,4,善恶,荣辱,义务,良心,,,
/第五章,多选题,道德和法律都是（）的重要手段，二者相辅相成、相互促进。,ABC,易,,4,调节人们思想行为,协调人际关系,维护社会秩序,控制人们思想,,,
/第五章,多选题,道德作为激励人们改造客观世界和主观世界的一种精神力量，也是（）的内在动力。,ABC,易,,4,提高人的精神境界,促进人的自我完善,推动人的全面发展,解决一切困难,,,
/第五章,多选题,社会主义道德克服了以往阶级社会道德的（），坚持以为人民服务为核心，坚持以集体主义为原则，展现出真实而强大的道义力量。,BC,易,,4,广泛性,片面性,局限性,真实性,,,
/第五章,多选题,社会主义市场经济要求人们在一切经济活动中，正确处理个人与社会、（）等关系，形成健康有序的经济和社会生活规范。,ABCD,易,,4,竞争与协作,效率与公平,先富与共富,经济效益与社会效益,,,
/第五章,多选题,一个人只要时时处处想到他人、想到社会、想到国家，从而（），这就是在践行为人民服务。,ABCD,易,,4,能够推己及人、与人为善,服务他人、奉献社会,使他人能够因自己的所作所为而得到益处,使社会可以因自己的努力而发生积极改变,,,
/第五章,多选题,国家利益、社会整体利益和个人利益是相辅相成的，要力求做到（）。,ABC,易,,4,共同发展,相互增益,相得益彰,相互牵制,,,
/第五章,多选题,“公义胜私欲”是中华传统美德的根本要求，以下表述中体现这一思想的是（）。,ABCD,易,,4,“夙夜在公”,“以公灭私，民其允怀”,“国而忘家，公而忘私”,“苟利国家生死以，岂因祸福避趋之”,,,
/第五章,多选题,中国古代思想家强调在“义”和“利”发生矛盾时，应当（）。,ABCD,易,,4,义以为上,先义后利,见利思义,见义勇为,,,
/第五章,多选题,推崇仁爱、崇尚和谐是中华民族的优良传统和高尚品德。以下表述中体现这一思想中的是（）。,ABCD,易,,4,“己欲立而立人，己欲达而达人”,“亲亲而仁民，仁民而爱物”,“仁者自爱”,“兼相爱，交相利”,,,
/第五章,多选题,在长期的历史发展中，中华传统美德已经深入到全民族的（）之中，具有重要的当代价值。,ABCD,易,,4,思维方式,价值观念,行为方式,风俗习惯,,,
/第五章,多选题,传承和弘扬中华传统美德要在去粗取精、去伪存真的基础上坚持（）。,ABCD,易,,4,古为今用,推陈出新,不忘本来,辩证取舍,,,
/第五章,多选题,对中国传统道德，我们要在去粗取精、去伪存真的基础上努力实现中华传统美德的（）。,AC,易,,4,创造性转化,全盘继承,创新性发展,全盘否定,,,
/第五章,多选题,弘扬中华传统美德，必须通过科学的分析和鉴别，把其中带有（）局限性的成分剔除出去，把其中具有当代价值的道德精神发掘出来。,CD,易,,4,文化,精神,阶级,时代,,,
/第五章,多选题,在对待传统道德的问题上，我们要树立高度的文化自觉和文化自信，深入挖掘中华优秀传统文化蕴含的（），结合时代要求继承创新，让中华文化展现出永久魅力和时代风采。,ABC,易,,4,思想观念,人文精神,道德规范,陈旧糟粕,,,
/第五章,多选题,中国革命道德，是指（）在中国革命、建设、改革中所形成的优秀道德。,ABCD,易,,4,中国共产党人,人民军队,一切先进分子,人民群众,,,
/第五章,多选题,弘扬中国革命道德，要同弘扬中华传统美德相结合，原因在于（）。,ABCD,易,,4,中华传统美德是中国革命道德的渊源之一,没有中华传统美德的长期发展和丰厚积淀，就不可能有中国革命道德的形成和发展,中国革命道德继承了中国传统道德的精华，摒弃了传统道德的糟粕,中国革命道德是中国优良传统道德的延续和发展，超越了中华传统美德的时代局限,,,
/第五章,多选题,下列选项中，体现为实现社会主义和共产主义理想而奋斗的是（）。,BD,中,,4,金钱至上、诚信缺失,“砍头不要紧，只要主义真。杀了夏明翰，还有后来人”,损害群众利益，腐蚀人们灵魂,“敌人只能砍下我们的头颅，决不能动摇我们的信仰”,,,
/第五章,多选题,中国革命道德从一开始就特别强调要（），并认为这是对一切革命人士和先进分子的要求。,ABC,易,,4,为群众服务,为大众谋幸福,为人民利益献身,为个人谋福利,,,
/第五章,多选题,改革开放以来，我国道德领域呈现积极健康向上的良好态势，但仍然存在着诸如（）这样一些不容忽视的问题，严重损害了群众利益，腐蚀了人们灵魂，污染了社会风气。,ABCD,易,,4,金钱至上,诚信缺失,奢侈浪费,贪污腐败,,,
/第五章,多选题,从古至今，历代思想家都十分重视道德问题，对（）等进行了有益的探讨，其中不乏超越时代、国家、民族乃至阶级界限的真知灼见，为人类道德进步提供了丰富资源。,ABCD,易,,4,道德品质,道德评价,道德教育,道德修养,,,
/第五章,多选题,不同的道德文明体现了各自的（）。,ABCD,易,,4,生活方式,人生态度,价值信仰,行为方式,,,
/第五章,多选题,中国古代的思想家大都认为，在修身养性的过程中，最重要的就是要使社会的道德原则和规范转换为自身的思想品德和行为实践，通过切磋践履不断养成良好的道德习惯，形成完善的道德人格。以下主张体现这种思想的是（）。,ABCD,易,,4,“见贤思齐焉，见不贤而内自省也”,“善养吾浩然之气”,“察色修身”,“以身戴行”,,,
/第五章,多选题,加强个人道德修养是影响革命成败的大事，因而践履中国革命道德的重要环节就是共产党人（）。,AB,易,,4,修身自律,保持节操,贪污腐败,损公肥私,,,
/第五章,多选题,历史告诉我们，一个革命者唯有牢固树立并自觉坚持革命道德观，才能（）。,ABCD,易,,4,在革命事业的艰难困苦中经受住严峻考验,在身处顺境时保持清醒的头脑,在身处逆境时仍然坚忍不拔，保持应有的革命节操,视国家和民族的利益为最大价值而为之不懈努力、奋斗终身,,,
/第五章,多选题,当今世界，人类生活在不同文化、（）所组成的世界里，各国人民形成了你中有我、我中有你的命运共同体。,ABCD,易,,4,种族,肤色,宗教,社会制度,,,
/第五章,多选题,在公共生活中，一个人的行为必定与他人发生直接或间接的联系，具有鲜明的（），对社会的影响更为直接和广泛。,BC,易,,4,封闭性,开放性,透明性,孤立性,,,
/第五章,多选题,公共生活的特征包括（）。,ABCD,易,,4,活动范围的广泛性,活动内容的开放性,交往对象的复杂性,活动方式的多样性,,,
/第五章,多选题,私人生活以家庭内部活动和个人活动为主要领域，私人空间里人们的行为是相对独立的，因而具有一定的（）。,BC,易,,4,开放性,封闭性,隐秘性,透明性,,,
/第五章,多选题,当代社会的发展使人们的生活方式发生了新的变化，人们可以根据自身的需要及（）等因素，选择和变换参与公共生活的具体方式。,ABCD,易,,4,年龄,兴趣,职业,经济条件,,,
/第五章,多选题,社会公德是维护公共利益、公共秩序、社会和谐稳定的起码的道德要求，涵盖了（）之间的关系。,BCD,中,,4,人与自身,人与人,人与社会,人与自然,,,
/第五章,多选题,每一个社会成员，都应遵守以（）、遵纪守法为主要内容的社会公德。,ABCD,易,,4,文明礼貌,助人为乐,爱护公物,保护环境,,,
/第五章,多选题,保护环境要求（），像对待生命一样对待生态环境，为建设美丽中国作出自己应有的贡献。,ABC,易,,4,尊重自然,顺应自然,保护自然,征服自然,,,
/第五章,多选题,大学生遵守网络生活中的道德要求，要（），成为营造清朗网络空间的正能量。,ABCD,易,,4,正确使用网络工具,加强网络文明自律,营造良好网络道德环境,维护网络公共秩序,,,
/第五章,多选题,在职业生活中，必须牢固树立“（）”的观念，通过劳动创造更加美好的生活。,ABCD,中,,4,劳动最光荣,劳动最崇高,劳动最伟大,劳动最美丽,,,
/第五章,多选题,职业道德涵盖了（）之间的关系。,ACD,易,,4,从业人员与服务对象,职业与薪酬,职业与职工,职业与职业,,,
/第五章,多选题,诚实守信要求从业者在职业生活中（），体现着从业者的道德操守和人格力量，也是在行业中扎根立足的基础。,ABCD,易,,4,诚实劳动,合法经营,信守承诺,讲求信誉,,,
/第五章,多选题,职业生活中的基本道德规范包括（）、奉献社会。,ABCD,易,,4,爱岗敬业,诚实守信,办事公道,热情服务,,,
/第五章,多选题,对大学生来说，应该从（）等方面努力，逐步树立正确的择业观和创业观。,ABCD,易,,4,树立崇高的职业理想,服从社会发展的需要,做好充分的择业准备,培养创业的勇气和能力,,,
/第五章,多选题,“积善之家，必有余庆；积不善之家，必有余殃”，以下各项中，属于良好家风的有（）。,ABCD,易,,4,诸葛亮诫子格言,颜氏家训,朱子家训,岳母刺字,,,
/第五章,多选题,爱情是一对男女基于（），在各自内心形成的相互倾慕并渴望对方成为自己终身伴侣的一种强烈、纯真、专一的感情。,AB,易,,4,一定的社会基础,共同的生活理想,相同的学历水平,完全平等的物质条件,,,
/第五章,多选题,恋爱中的道德规范主要有（）。,ABC,易,,4,尊重人格平等,自觉承担责任,文明相亲相爱,无条件为对方付出,,,
/第五章,多选题,家庭美德在维系和谐美满的婚姻家庭关系中具有重要而独特的功能，主要内容包括尊老爱幼、（）等。,ABCD,易,,4,男女平等,夫妻和睦,勤俭持家,邻里互助,,,
/第五章,多选题,大学生作为家庭的重要成员，也要积极弘扬践行家庭美德，感念父母养育之恩，感念长辈关爱之情，孝敬父母、尊重长辈、回报家庭、回馈社会，推动形成（）的社会主义家庭文明新风尚。,ABCD,易,,4,爱国爱家,相亲相爱,向上向善,共建共享,,,
/第五章,多选题,恋爱过程是恋爱双方互相熟悉和情感协调的过程，恋爱成功与失败都是正常现象，正确对待失恋，要做到（）。,ABCD,中,,4,失恋不失志,失恋不失德,不影响学业和生活,不丧失对爱的憧憬和追求,,,
/第五章,多选题,树立正确的恋爱观，大学生要处理好恋爱与（）的关系。,ABCD,易,,4,学习,关心集体,关爱他人,关爱社会,,,
/第五章,多选题,个人道德集中体现了道德认知、（）的内在统一。,ABCD,易,,4,道德情感,道德意志,道德信念,道德行为,,,
/第五章,多选题,道德是人类社会生产实践和交往实践的产物，在不同的民族、不同的文化、不同的社会发展阶段，其基本要求具有显著差异。这说明道德具有（）的特征。,ABC,中,,4,历史性,民族性,时代性,永恒性,,,
/第五章,多选题,大学生在道德修养中激发正向的情感认同，总体而言就是要（）。,ABCD,易,,4,亲近真善美,抵制假恶丑,体验道德的愉悦,追求高尚的快乐,,,
/第五章,多选题,大学生要增强（），在与祖国同呼吸、与民族同步伐、与人民心连心的高尚情怀中，陶冶道德情操。,ABCD,易,,4,社会责任感,国家认同感,民族归属感,时代使命感,,,
/第五章,多选题,大学生投身崇德向善的道德实践，就要自觉（）。,ABCD,易,,4,加强道德修养,向道德模范学习,培养志愿服务精神,大力弘扬时代新风,,,
/第五章,多选题,志愿服务的精神是（）。,ABCD,易,,4,奉献,友爱,互助,进步,,,
/第五章,多选题,大学生投身崇德向善的道德实践，要弘扬真善美、贬斥假恶丑，做社会主义道德的示范者和引领者，促成（）的社会风尚。,ABCD,易,,4,知荣辱,讲正气,作奉献,促和谐,,,
/第五章,多选题,大学生应（），形成正确的价值判断，助推全社会形成知荣明辱的良好道德风尚。,ABCD,易,,4,知荣辱,辨善恶,明是非,鉴美丑,,,
/第五章,多选题,奉献精神传递社会温暖，能够（）。,ABCD,易,,4,拉近人与人之间的距离,建立和谐的人际关系,促进社会健康有序地发展,建立稳定的社会秩序,,,
/第五章,多选题,对于大学生来说，促和谐就是要促进（）等。,ABCD,易,,4,自我身心的和谐,个人与他人的和谐,个人与社会的和谐,人与自然的和谐,,,
/第五章,多选题,随着现代社会分工的发展和专业化程度的提高，市场竞争日趋激烈，整个社会对从业人员（）的要求越来越高。,ABCD,易,,4,职业观念,职业态度,职业纪律,职业作风,,,
/第五章,多选题,加强道德修养，提升个人品德，应借鉴历史上思想家们所提出的学思并重、（）等各种积极有效的方法，并结合当今社会发展的需要身体力行，不断提高自己的道德素质和精神境界。,ABCD,中,,4,省察克治,慎独自律,知行合一,积善成德,,,
/第五章,多选题,大学生要以高度的主人翁精神，积极参与各种精神文明创建活动，努力做到（），不断引领社会风尚，提升道德境界。,ABC,易,,4,为家庭谋幸福,为他人送温暖,为社会作贡献,一心只图个人利益,,,
/第五章,判断题,社会关系是道德赖以产生的客观条件。,A,易,,2,正确,错误,,,,,
/第五章,判断题,人的自我意识是道德产生的主观条件。,A,难,,2,正确,错误,,,,,
/第五章,判断题,有什么样的社会经济关系，相应地就有什么样的道德。,A,易,,2,正确,错误,,,,,
/第五章,判断题,在个人利益与国家利益、社会整体利益发生矛盾尤其是发生激烈冲突的时候，个人利益要服从于国家利益和社会整体利益，必要时作出牺牲。,A,易,,2,正确,错误,,,,,
/第五章,判断题,物质生活的生产方式制约着整个社会生活、政治生活和精神生活的过程。,A,易,,2,正确,错误,,,,,
/第五章,判断题,中华传统美德非常重视每个人在人伦关系中的地位及其价值，强调每个人都必须根据规范的要求来尽自己应尽的义务。,A,易,,2,正确,错误,,,,,
/第五章,判断题,坚持社会主义和共产主义理想信念的不屈不挠的精神，是革命道德的灵魂。,A,易,,2,正确,错误,,,,,
/第五章,判断题,一个国家或民族的道德进步，只要在文明交流中坚守自身优秀道德传统就可以了。,B,中,,2,正确,错误,,,,,
/第五章,判断题,道德是为了回应来自自然环境、社会生活和人际关系的各种矛盾而形成发展起来的，反映了具体民族或国家的生存方式和生活态度。,A,易,,2,正确,错误,,,,,
/第五章,判断题,有序的公共生活是提高社会成员生活质量的基本保障。,A,难,,2,正确,错误,,,,,
/第五章,判断题,在道德认知向道德行为转化的过程中，道德意志和道德信念是关键环节。,A,易,,2,正确,错误,,,,,
/第五章,填空题,（）是中国共产党践行的根本宗旨，也是社会主义道德观的集中体现，是全体中国人民共同遵循的道德要求。,,中,,1,为人民服务,,,,,,
/第五章,填空题,（）作为社会主义道德的核心，是社会主义道德区别和优越于其他社会形态道德的显著标志。,,中,,1,为人民服务,,,,,,
/第五章,填空题,秩序是由社会生活中的规范来制约和保障的，（）是由一定规范维系的人们公共生活的一种有序化状态。,,中,,1,公共秩序,,,,,,
/第五章,填空题,（）是指一个家庭或家族世代相传的风尚、作风，即一个家庭当中的风气。,,易,,1,家风,,,,,,
/第五章,填空题,（）是指由法律所确认的男女两性的结合以及由此而产生的夫妻关系。,,易,,1,婚姻,,,,,,
/第五章,填空题,（）是指在婚姻关系、血缘关系或收养关系基础上产生的亲属之间所构成的社会生活单位。,,易,,1,家庭,,,,,,
/第六章,填空题,法律是由（）创制和实施的行为规范。,,中,,1,国家,,,,,,
/第六章,单选题,法律由国家制定和认可，由（）保证实施。,B,易,,4,公民自觉,国家强制力,宗族会议,行业约束,,,
/第六章,多选题,法律具有国家强制性，这表现为（）。,CD,中,,4,国家对公民行为的引导,国家道德规范的倡议,国家对合法行为的肯定和保护,国家对违法行为的否定和制裁,,,
/第六章,多选题,除了国家强制力，在保证法律实施的过程中，（）也发挥着重要作用。,ABCD,易,,4,法律意识,道德观念,价值观念,纪律观念,,,
/第六章,填空题,（）是法律规范区别于其他社会规范的一个重要特征。,,难,,1,国家强制性,,,,,,
/第六章,多选题,社会物质生活条件是指与人类生存相关的（）。,ABD,易,,4,物质资料生产方式,自然地理环境,观念习俗,人口因素,,,
/第六章,单选题,（）是决定社会面貌、性质和发展的根本因素。,A,易,,4,物质资料生产方式,自然地理环境,观念习俗,人口因素,,,
/第六章,判断题,人口因素是决定法律本质、内容和发展方向的根本因素。,B,中,,2,正确,错误,,,,,
/第六章,多选题,统治阶级的意志体现在（）中。,ABCD,易,,4,法律,国家政策,统治阶级的道德,最高统治者的言论,,,
/第六章,多选题,法律是随着（）的产生而产生的。,ABC,易,,4,私有制,国家,阶级,社会,,,
/第六章,多选题,建立在私有制经济基础之上的剥削阶级类型法律有（）。,ABC,易,,4,奴隶制法律,封建制法律,资本主义法律,社会主义法律,,,
/第六章,单选题,（）是人类历史上以公有制为基础的新型法律。,D,易,,4,奴隶制法律,封建制法律,资本主义法律,社会主义法律,,,
/第六章,多选题,奴隶制法律通常采用最极端的经济剥削和政治压迫的方式，它的主要特征有（）。,ABCD,易,,4,具有明显的原始习惯残留痕迹,否认奴隶的法律人格,存在严格的等级划分,刑罚方式极其残酷,,,
/第六章,单选题,封建社会是以（）为基础的自然经济占主导地位的社会。,A,易,,4,农业,手工业,制造业,服务业,,,
/第六章,单选题,在封建社会的经济结构中，（）占据着生产资料。,B,易,,4,奴隶主阶级,封建地主阶级,资产阶级,最广大人民群众,,,
/第六章,多选题,下列各项中，属于封建制法律的基本特征的有（）。,ABCD,易,,4,确立农民对封建地主的人身依附关系,实行封建等级制度,维护专制皇权,刑罚严酷,,,
/第六章,多选题,资本主义法律的基本特征主要体现为（）。,ABCD,易,,4,与资本主义私有制相适应的私有财产神圣不可侵犯原则,与资本主义市场经济相适应的契约自由原则,与资本主义民主政治相适应的法律面前人人平等原则,与资产阶级人道主义相适应的人权保障原则,,,
/第六章,单选题,我国社会主义法律，是在中国共产党领导（）时期孕育、在中华人民共和国成立后不断形成和发展起来的。,B,易,,4,旧民主主义革命,新民主主义革命,社会主义革命,改革开放,,,
/第六章,单选题,中国特色社会主义法律体系以（）为统帅。,C,易,,4,民法,商法,宪法,刑法,,,
/第六章,单选题,2011年3月，（）庄严宣布，一个立足中国国情和实际、适应改革开放和社会主义现代化建设需要、集中体现党和人民意志的中国特色社会主义法律体系已经形成。,D,中,,4,十届全国人大二次会议,十届全国人大四次会议,十一届全国人大二次会议,十一届全国人大四次会议,,,
/第六章,多选题,我国社会主义法律体现了（）的统一。,AC,中,,4,党的主张,集体的主张,人民意志,社会主流观念,,,
/第六章,多选题,要使法律及其实施充分体现人民意志，就要把（）落实到依法治国全过程。,ABCD,易,,4,体现人民利益,反映人民愿望,维护人民权益,增进人民福祉,,,
/第六章,判断题,在剥削阶级占统治地位的社会中，法律容易与客观规律和历史发展趋势相背离。,A,易,,2,正确,错误,,,,,
/第六章,判断题,我国社会主义法律的具体内容会随着经济社会的发展而调整变化，所以它与历史发展的基本方向和规律并不一致。,B,中,,2,正确,错误,,,,,
/第六章,多选题,我国法律的社会作用体现了社会主义的本质要求，例如经济发展和（），都离不开社会主义法律的引领、规范和保障。,ABCD,易,,4,政治清明,文化昌盛,社会公正,生态良好,,,
/第六章,判断题,我国法律保证人民享有广泛的民主权利和自由。,A,易,,2,正确,错误,,,,,
/第六章,多选题,我国法律倡导（）的理念，推动绿色发展，促进人与自然和谐共生。,ABD,易,,4,尊重自然,顺应自然,过度开发自然,保护自然,,,
/第六章,判断题,在“四个全面”中，全面依法治国具有基础性、保障性作用。,A,难,,2,正确,错误,,,,,
/第六章,多选题,法律的运行主要包括（）环节。,ABCD,易,,4,法律制定,法律执行,法律适用,法律遵守,,,
/第六章,判断题,法律制定是国家对社会利益和负担进行的权威性分配。,A,易,,2,正确,错误,,,,,
/第六章,多选题,下列各项中，（）是把法律规范转化为法律实践。,BCD,易,,4,法律的制定,法律的执行,法律的适用,法律的遵守,,,
/第六章,单选题,法律制定是指有（）的国家机关，依照法定职权和程序制定规范性法律文件的活动。,A,易,,4,立法权,司法权,行政权,监察权,,,
/第六章,单选题,根据宪法规定，（）行使国家立法权，负责修改宪法、制定法律。,A,易,,4,全国人民代表大会及其常务委员会,国务院,国家监察委员会,中央军委,,,
/第六章,单选题,（）有权根据宪法和法律制定行政法规。,B,易,,4,省、自治区、直辖市的人民代表大会及其常务委员会,国务院,国家监察委员会,中央军委,,,
/第六章,多选题,全国人民代表大会的立法程序大体包括（）环节。,ABCD,易,,4,法律案的提出,法律案的审议,法律案的表决,法律的公布,,,
/第六章,多选题,随着我国经济社会持续发展和人民生活水平不断提高，人民群众对民主、（）、环境等方面的要求日益增长。,ABCD,易,,4,法治,公平,正义,安全,,,
/第六章,多选题,行政执法是法律实施和实现的重要环节，必须坚持的基本原则有（）。,ABCD,易,,4,合法性,合理性,信赖保护,效率,,,
/第六章,多选题,法律适用是指国家司法机关及其公职人员依照（）处理案件的专门活动。,BD,易,,4,个人对法律的理解,法定职权,社会舆论导向,程序适用法律,,,
/第六章,单选题,在我国，司法机关是指国家审判机关和检察机关，（）代表国家行使审判权。,C,易,,4,公安局,人民检察院,人民法院,监狱,,,
/第六章,单选题,在我国，司法机关是指国家审判机关和检察机关，（）代表国家行使法律监督权。,B,易,,4,公安局,人民检察院,人民法院,监狱,,,
/第六章,多选题,司法的基本要求是（）。,ABCD,易,,4,正确,合法,合理,及时,,,
/第六章,多选题,司法原则主要有（）。,ABCD,易,,4,司法公正,公民在法律面前一律平等,以事实为依据，以法律为准绳,司法机关依法独立公正行使司法权,,,
/第六章,填空题,2020年11月，中央全面依法治国工作会议正式提出（），并将其确立为全面依法治国的指导思想和根本遵循。,,难,,1,习近平法治思想,,,,,,
/第六章,单选题,（）提出到2035年基本建成法治国家、法治政府、法治社会，确立了新时代法治中国建设的路线图、时间表。,D,易,,4,党的十八大,党的十八届三中全会,党的十八届四中全会,党的十九大,,,
/第六章,填空题,（）从历史和现实相贯通、国际和国内相关联、理论和实际相结合上深刻回答了新时代为什么实行全面依法治国、怎样实行全面依法治国等一系列重大问题。,,难,,1,习近平法治思想,,,,,,
/第六章,单选题,2020年11月，习近平在中央全面依法治国工作会议上的重要讲话中，用“（）”对全面依法治国进行了系统阐释、部署。,C,中,,4,五位一体,八个明确,十一个坚持,十四个坚持,,,
/第六章,填空题,只有始终坚持以（）为中心，才能真正实现法治保障人民权益的根本目的。,,易,,1,人民,,,,,,
/第六章,填空题,中国特色社会主义法治道路的一个鲜明特点，就是坚持依法治国和（）相结合。,,易,,1,以德治国,,,,,,
/第六章,单选题,推进全面依法治国，根本目的是（）。,C,易,,4,让中华文明走向世界,促进经济高质量发展,依法保障人民权益,让生态更加美丽,,,
/第六章,多选题,在我国，人民当家作主的制度体系包括（）。,ABCD,中,,4,人民代表大会制度,中国共产党领导的多党合作和政治协商制度,民族区域自治制度,基层群众自治制度,,,
/第六章,判断题,我国宪法规定了，国家保护妇女的权利和利益，实行男女同工同酬，培养和选拔妇女干部。,A,易,,2,正确,错误,,,,,
/第六章,多选题,坚持依法治国和以德治国相结合，就要（）。,ABC,易,,4,强化道德对法治的支撑作用,重视发挥道德的教化作用,把道德要求贯彻到法治建设中,让法治解决所有道德问题,,,
/第六章,多选题,《中华人民共和国英雄烈士保护法》第22条规定：“禁止歪曲、丑化、亵渎、否定英雄烈士事迹和精神。英雄烈士的（）受法律保护。”,ABCD,易,,4,姓名,肖像,名誉,荣誉,,,
/第六章,判断题,任何组织和个人不得将英雄烈士的姓名、肖像用于或者变相用于商标、商业广告，损害英雄烈士的名誉、荣誉。,A,易,,2,正确,错误,,,,,
/第六章,多选题,建设法治中国，必须从我国实际出发，同（）相适应。,AB,易,,4,完善和发展中国特色社会主义制度,推进国家治理体系和治理能力现代化,舆论热议,少数人的立场,,,
/第六章,多选题,坚持走中国特色社会主义法治道路，必须坚持从中国实际出发，以下说法正确的有（）。,ABCD,易,,4,既不能罔顾国情、超越阶段，也不能因循守旧、墨守成规,要突出法治道路的中国特色、实践特色、时代特色,要从我国革命、建设、改革的实践中探索适合自己的法治道路,要挖掘和传承中华法律文化精华，汲取营养、择善而用,,,
/第六章,多选题,中华法系是在我国特定历史条件下形成的，显示了中华民族的伟大创造力和中华法制文明的深厚底蕴。下列哪项彰显了中华优秀传统法律文化的智慧？（）,ABCD,难,,4,出礼入刑、隆礼重法,民惟邦本、本固邦宁,天下无讼、以和为贵,德主刑辅、明德慎罚,,,
/第六章,多选题,建设中国特色社会主义法治体系，就是要形成完备的法律规范体系、（）。,ABCD,易,,4,高效的法治实施体系,严密的法治监督体系,有力的法治保障体系,完善的党内法规体系,,,
/第六章,多选题,完善法律规范体系的基本要求包括（）。,ABCD,中,,4,坚持立法先行,加快完善法律、行政法规、地方性法规体系,科学立法、民主立法、依法立法,立改废释并举,,,
/第六章,判断题,建设高效的法治实施体系是建设中国特色社会主义法治体系的重点。,A,易,,2,正确,错误,,,,,
/第六章,多选题,完善法治实施体系的重点内容包括（）。,ABCD,中,,4,健全宪法实施制度，树立宪法权威,加快建设职能科学、权责法定、执法严明、公开公正、廉洁高效、守法诚信的法治政府,深化司法体制综合配套改革,着力培育公民和社会组织自觉守法的意识和责任感,,,
/第六章,单选题,严密的法治监督体系，是指以规范和约束（）为重点建立的有效的法治化权力监督网络。,B,易,,4,私权力,公权力,暴力机构,劳教机构,,,
/第六章,多选题,完善法治监督体系的重点内容包括（）。,ABCD,中,,4,健全宪法实施和监督制度,强化对行政权力的制约和监督,加强对司法活动的监督,形成对法治运行全过程全方位的监督,,,
/第六章,判断题,建设完善的党内法规体系是中国特色社会主义法治体系的本质要求和重要内容。,A,易,,2,正确,错误,,,,,
/第六章,单选题,2019年颁布实施的（），着眼于政法工作的体制机制，重视组织领导的优化，为新时代党领导政法工作进行制度设计、提供基本遵循，提高了党领导政法工作的法治化水平。,D,难,,4,《中国共产党廉洁自律准则》,《中国共产党问责条例》,《中国共产党纪律处分条例》,《中国共产党政法工作条例》,,,
/第六章,填空题,推进全面依法治国，（）建设是重点任务和主体工程，这对法治国家、法治社会建设具有示范带动作用。,,难,,1,法治政府,,,,,,
/第六章,判断题,推进全面依法治国，法治社会建设是基础工程。,A,难,,2,正确,错误,,,,,
/第六章,多选题,建设信仰法治、公平正义、（）的社会主义法治社会，是增强人民群众获得感、幸福感、安全感的重要举措。,ABCD,中,,4,保障权利,守法诚信,充满活力,和谐有序,,,
/第六章,多选题,科学立法还要增强法律法规的（）。,ABCD,中,,4,及时性,系统性,针对性,有效性,,,
/第六章,判断题,不是什么法都能治国，不是什么法都能治好国；越是强调法治，越是要提高立法质量。,A,易,,2,正确,错误,,,,,
/第六章,多选题,健全依法决策机制，要把公众参与、（）确定为重大行政决策法定程序。,ABCD,易,,4,专家论证,风险评估,合法性审查,集体讨论决定,,,
/第六章,多选题,深化行政执法体制改革，坚持严格规范公正文明执法，要推行（）制度。,BCD,中,,4,行政裁量随机确定,行政执法公示,执法全过程记录,重大执法决定法制审核,,,
/第六章,填空题,（）是法治的生命线，是司法活动最高的价值追求。,,中,,1,公正;公平正义,,,,,,
/第六章,多选题,要优化司法职权配置，就要健全（）各司其职，侦查权、检察权、审判权、执行权相互配合、相互制约的体制机制。,ABCD,易,,4,公安机关,检察机关,审判机关,司法行政机关,,,
/第六章,判断题,加强对司法活动的监督，就包括要规范媒体对案件的报道，防止舆论影响司法公正。,A,易,,2,正确,错误,,,,,
/第六章,单选题,（）是指法院为方便群众诉讼，在辖区设置巡回地点，定期或不定期到巡回地点受理并审判案件的制度。,C,易,,4,互联网法院制度,模拟法庭制度,巡回法庭制度,社会法庭制度,,,
/第六章,填空题,法律的权威源自人民的内心拥护和真诚信仰，（）是法治社会的基础工程。,,中,,1,全民守法,,,,,,
/第六章,多选题,全民守法，要引导全体人民做社会主义法治的（），使法治成为社会共识和基本原则。,BCD,易,,4,知法犯法者,忠实崇尚者,自觉遵守者,坚定捍卫者,,,
/第六章,判断题,法治权威能不能树立起来，首先要看宪法有没有权威。,A,易,,2,正确,错误,,,,,
/第六章,单选题,中国共产党登上中国历史舞台后，高度重视宪法和法制建设，从（）开始，我们党就进行了制定和实施人民宪法的探索和实践。,A,中,,4,建立革命根据地,抗日战争时期,解放战争时期,新中国成立,,,
/第六章,单选题,1931年，我们党在中央苏区成立中华苏维埃共和国临时中央政府，颁布了（）。,D,难,,4,《中华民国临时政府组织大纲》,《中国土地法大纲》,《陕甘宁边区宪法原则》,《中华苏维埃共和国宪法大纲》,,,
/第六章,判断题,我国现行宪法可以追溯到1949年具有临时宪法作用的《中国人民政治协商会议共同纲领》和1954年一届全国人大一次会议通过的《中华人民共和国宪法》。,A,易,,2,正确,错误,,,,,
/第六章,单选题,1954年宪法是中华人民共和国第（）部宪法。,A,易,,4,一,二,三,四,,,
/第六章,多选题,1954年宪法以《中国人民政治协商会议共同纲领》为基础并加以发展，在总结新民主主义革命历史经验和社会主义改造与社会主义建设经验的基础上，具体作出了什么贡献？（）,ABCD,中,,4,规定了国家在过渡时期的总任务,确定了建设社会主义制度的道路和目标,确立了适合中国国情的国体和政体,较完整地规定了公民的基本权利和义务,,,
/第六章,判断题,党的十一届三中全会开启了改革开放历史新时期，我国现行宪法即1982年宪法就是在这个历史背景下产生的。,A,易,,2,正确,错误,,,,,
/第六章,单选题,1982年宪法是（）通过的。,D,中,,4,第一届全国人民代表大会,第四届全国人民代表大会第一次会议,第五届全国人民代表大会第一次会议,第五届全国人民代表大会第五次会议,,,
/第六章,多选题,我国宪法必须体现党和人民事业的历史进步，随着党领导人民建设中国特色社会主义实践的发展而不断完善发展。宪法只有不断（），才能具有持久生命力。,ABD,易,,4,适应新形势,吸纳新经验,紧跟西方法理思想最新动态,确认新成果,,,
/第六章,多选题,现行宪法修改体现了中国特色社会主义（）的发展成果。,ABCD,易,,4,道路,理论,制度,文化,,,
/第六章,多选题,宪法作为上层建筑，一定要适应经济基础的变化而变化。下列说法中，体现这一点的有（）。,ACD,中,,4,“法与时移”,“奉法者强则国强，奉法者弱则国弱。”,“法与时转则治，治与世宜则有功”,“观时而制法，因事而制礼”,,,
/第六章,填空题,（）是国家的根本法，其至上地位主要体现在它特有的作用、效力、内容等方面。,,易,,1,宪法,,,,,,
/第六章,多选题,宪法是党的（）、重要政策在国家法制上的最高体现。,ABCD,中,,4,指导思想,中心工作,基本原则,重大方针,,,
/第六章,单选题,（）是我国宪法的重要组成部分，是我国宪法最重要的特征之一，也是我国宪法与其他许多国家宪法的重大区别。,A,难,,4,宪法序言,宪法第一章,宪法第四章,宪法结语,,,
/第六章,判断题,宪法序言与宪法总纲、宪法具体条文有很大的区别，所以宪法序言没有法律效力。,B,中,,2,正确,错误,,,,,
/第六章,多选题,我国宪法具有最高的法律地位、法律权威、法律效力，具有（）。,ABCD,易,,4,根本性,全局性,稳定性,长期性,,,
/第六章,多选题,宪法的基本原则是贯穿宪法规范始终，对宪法的（）等环节起指导作用的基本准则。,ABCD,中,,4,制定,修改,实施,遵守,,,
/第六章,多选题,我国宪法的基本原则有：党的领导原则、（）。,ABCD,易,,4,人民当家作主原则,尊重和保障人权原则,社会主义法治原则,民主集中制原则,,,
/第六章,填空题,（）是社会主义民主政治的本质和核心。,,难,,1,人民当家作主,,,,,,
/第六章,判断题,世界上没有放之四海而皆准的人权发展道路和保障模式，人权事业发展必须按照国际社会的主流意见加以推进。,B,难,,2,正确,错误,,,,,
/第六章,多选题,民主集中制是我国国家组织形式和活动方式的基本原则，也是集中全党全国人民集体智慧，实现（）的基本原则和主要途径。,CD,易,,4,快速随意决策,以少数个案做标准的决策,科学决策,民主决策,,,
/第六章,多选题,（）必须以宪法为根本活动准则，并且负有维护宪法尊严、保证宪法实施的职责。,ABCD,中,,4,全国各族人民,一切国家机关和武装力量,各政党和各社会团体,各企业事业组织,,,
/第六章,多选题,在新的历史条件下，推进全面依法治国、加强宪法实施，对宪法监督提出了新的更高要求，具体包括（）。,ABCD,中,,4,健全人大工作机制,健全宪法解释机制,健全备案审查机制,健全合宪性审查机制,,,
/第六章,单选题,（）根据宪法规定行使宪法解释权，依照宪法精神对宪法规定的内容、含义和界限作出解释。,B,中,,4,全国人大,全国人大常委会,中央办公厅,中央书记处,,,
/第六章,多选题,全体公民要自觉地（）、运用宪法，大力弘扬宪法精神，不断增强宪法意识，把宪法作为判断大是大非的准绳，同一切破坏宪法权威、践踏宪法尊严的行为作斗争。,ABCD,易,,4,尊崇宪法,学习宪法,遵守宪法,维护宪法,,,
/第六章,多选题,法治思维是指以法治价值和法治精神为导向，运用法律原则、法律规则、法律方法思考和处理问题的思维模式，是一种（）。,ABCD,易,,4,正当性思维,规范性思维,逻辑思维,科学思维,,,
/第六章,多选题,法治思维以法治价值和法治精神为指导，蕴含着（）等法治理念，是一种正当性思维。,ABCD,易,,4,公正,平等,民主,人权,,,
/第六章,判断题,法治思维以法律原则和法律规则为依据指导人们的社会行为，是一种规范性思维。,A,易,,2,正确,错误,,,,,
/第六章,判断题,法治思维以法律手段与法律方法为依托分析问题、处理问题、解决纠纷，是一种逻辑思维。,A,易,,2,正确,错误,,,,,
/第六章,判断题,法治思维是一种符合规律、尊重事实的科学思维。,A,易,,2,正确,错误,,,,,
/第六章,判断题,法治思维是一种融法律的价值属性和工具理性于一体的特殊的高级法律意识。,A,易,,2,正确,错误,,,,,
/第六章,判断题,法治思维是基于对法律的尊崇和对法治的信念判断是非、权衡利弊、解决问题的思维方式。,A,易,,2,正确,错误,,,,,
/第六章,多选题,法律至上是指在国家或社会的所有规范中，法律是（）的规范。,ABC,易,,4,地位最高,效力最广,强制力最大,调整范围最广,,,
/第六章,单选题,（）具有最高的法律效力，是其他一切法律的依据。,A,易,,4,宪法,道德规范,行业规范,宗教规范,,,
/第六章,单选题,（）是指法律在本国主权范围内对所有人具有普遍的约束力。,B,易,,4,法律的至上性,法律的普遍适用性,法律的不可违抗性,法律的制约性,,,
/第六章,单选题,（）是指当同一项社会关系同时受到多种社会规范的调整而多种社会规范又相互矛盾时，要优先考虑法律规范的适用。,C,易,,4,法律的普遍适用性,法律的不可违抗性,法律的优先适用性,法律的科学性,,,
/第六章,单选题,“法律必须遵守，违反法律要受到惩罚”体现了法律具有（）。,D,易,,4,优先适用性,普遍适用性,人人平等性,不可违抗性,,,
/第六章,单选题,任何人不论权力大小、职位高低，只要有违法犯罪行为，就要受到法律制裁，这说明，法律具有（）。,D,易,,4,普遍适用性,至上性,制约性,不可违抗性,,,
/第六章,多选题,权力制约包括（）等要求。,ABCD,中,,4,权利由法定,有权必有责,用权受监督,违法受追究,,,
/第六章,判断题,公平正义是指社会的政治利益、经济利益和其他利益在全体社会成员之间合理、公平分配和占有。,A,易,,2,正确,错误,,,,,
/第六章,多选题,一般来讲，公平正义主要包括（）。,ABCD,中,,4,权利公平,机会公平,规则公平,救济公平,,,
/第六章,多选题,权利公平指的是（）。,ABC,易,,4,权利主体平等，国家对每个权利主体“不偏袒”“非歧视”,享有的权利特别是基本权利平等,权利保护和权利救济平等,人人都可直接参与国家决策,,,
/第六章,多选题,机会公平是指生活在同一社会中的成员拥有相同的发展机会和发展前景，反对任何形式的歧视。机会公平包括（）。,ABC,中,,4,国家和社会要积极为社会成员的发展创造条件，并努力创造平等的起点,社会成员的发展进步权要受到同等尊重，不断拓展社会成员的发展领域,不仅要关注当代人的机会平等，还要考虑后代人的机会平等,必须尽快实现按需分配,,,
/第六章,判断题,规则公平是指对所有人适用同一规则和标准，不得因人而异。,A,易,,2,正确,错误,,,,,
/第六章,判断题,救济公平是指为权利受到侵害或处于弱势地位的公民提供平等有效的救济。,A,易,,2,正确,错误,,,,,
/第六章,多选题,救济公平包括（）。,ABC,中,,4,司法救济公平,行政救济公平,社会救济公平,财产救济公平,,,
/第六章,单选题,政府对需要救济的社会成员提供的救济服务要一律平等，不得区别对待，指的是救济公平中的（）。,B,易,,4,司法救济公平,行政救济公平,社会救济公平,财产救济公平,,,
/第六章,多选题,权利保障主要是指对公民权利的法律保障，具体包括公民权利的（）。,ABCD,易,,4,宪法保障,立法保障,行政保障,司法保障,,,
/第六章,单选题,做一件事情，往往需要按照一定的程序，只有按照程序做，才能防止主观任性、无序混乱，这体现出的法治思维是（）。,A,中,,4,程序正当,法律至上,权力制约,权利保障,,,
/第六章,多选题,程序的正当，表现在程序的合法性、（）等方面。,ABCD,易,,4,中立性,参与性,公开性,时限性,,,
/第六章,单选题,法律程序的（）是指程序运行合乎法律的规定，有关机关或个人不得违反或变相违反。,A,易,,4,合法性,参与性,公开性,时限性,,,
/第六章,单选题,法律程序的（）是指程序设计和运行应平等地对待双方当事人，不得偏向任何一方。,A,易,,4,中立性,参与性,公开性,时限性,,,
/第六章,单选题,法律程序的（）是指案件或纠纷的利害关系人都有机会进入办案程序，充分表达自己的利益诉求和意见主张，为解决纠纷发挥作用。,B,易,,4,中立性,参与性,公开性,时限性,,,
/第六章,单选题,法律程序的（）是指程序运行的过程和结果应当向当事人和社会公开，以接受各方监督，防止办案不公和暗箱操作，让正义以人们看得见的方式实现。,C,易,,4,中立性,参与性,公开性,时限性,,,
/第六章,单选题,法律程序的（）是指程序的运行必须有合理的期限，符合时间成本和效率原则的要求，不得无故拖延。,D,易,,4,合法性,参与性,公开性,时限性,,,
/第六章,判断题,同样一种权利，在不同的社会制度下和不同的国家法律中表现形式有所不同。,A,易,,2,正确,错误,,,,,
/第六章,单选题,（），这是法律权利区别于其他权利的根本所在。,A,中,,4,由国家强制力保障其实现,由社会舆论保障其实现,由道德强制力保障其实现,由宗教强制力保障其实现,,,
/第六章,单选题,法律义务具有法定的（），违反法律义务必须承担法律责任。,B,易,,4,局限性,强制性,随意性,参与性,,,
/第六章,多选题,法律义务是指由一定的社会物质生活条件所制约的社会责任，是保证法律所规定的义务人按照权利人要求从事一定行为或不从事一定行为以满足权利人利益的法律手段，其特点包括（）。,ABCD,易,,4,法律义务是历史的,法律义务源于现实需要,法律义务必须依法设定,法律义务可能发生变化,,,
/第六章,判断题,法律义务必须由具有法定职权的国家机关依照法律程序设定，其他国家机关不得对公民违法设定法律义务。,A,易,,2,正确,错误,,,,,
/第六章,判断题,依法行使法律权利，是体现权利正当性和保障权利实现的充分必要条件。,A,易,,2,正确,错误,,,,,
/第六章,单选题,（），是公民参与国家政治活动的权利和自由的统称。,A,易,,4,政治权利,财产权利,社会经济权利,宗教信仰自由,,,
/第六章,多选题,政治权利的行使主要表现为公民参与国家、社会组织与管理的活动，主要包括（）。,ABCD,易,,4,选举权,表达权,民主管理权,监督权,,,
/第六章,多选题,民主管理权指的是公民根据宪法法律规定，管理（）的权利。,ABC,易,,4,国家事务,经济和文化事业,社会事务,国际事务,,,
/第六章,单选题,（）是人最基本、最原始的权利，具有神圣性与不可转让性，不可非法剥夺，享有生命权是人享有其他各项权利的前提。,B,易,,4,劳动权,生命权,财产权,监督权,,,
/第六章,判断题,住宅安全权即公民居住、生活、休息的场所不受非法侵入或搜查的权利，这里的“住宅”只包括固定居住的住宅，不包括临时性的住所。,B,中,,2,正确,错误,,,,,
/第六章,多选题,公民在其财产权受到侵犯时，有权要求侵权行为人停止侵害、（），或依法向人民法院提起诉讼。,ABCD,易,,4,返还财产,排除妨害,恢复原状,赔偿损失,,,
/第六章,多选题,社会经济权利保障公民过上健康而有尊严的生活，主要包括（）。,ABCD,易,,4,劳动权,休息权,社会保障权,物质帮助权,,,
/第六章,多选题,劳动权是公民赖以生存的基础，是行使其他权利的物质保障，包括平等就业和选择职业的权利、（）等。,ABCD,中,,4,取得劳动报酬的权利,休息休假的权利,获得劳动安全卫生的权利,提请劳动争议处理的权利,,,
/第六章,单选题,公民在法定条件下可从国家和社会获得物质帮助的权利称为（），如国家发展为公民享受这些权利所需要的社会保险、社会救济和医疗卫生事业等。,D,易,,4,劳动权,休息权,社会保障权,物质帮助权,,,
/第六章,多选题,宗教信仰自由，是指公民依据内心的信念，自愿地信仰宗教的自由。具体内容包括（）等。,ABCD,易,,4,信仰宗教的自由,从事宗教活动的自由,举行宗教仪式的自由,参加宗教仪式的自由,,,
/第六章,多选题,公民行使宗教信仰自由的权利必须受宪法法律约束，宗教信仰自由包括（）。,ABCD,易,,4,公民既有信仰宗教的自由，也有不信仰宗教的自由,既有信仰这种宗教的自由，也有信仰那种宗教的自由,在同一宗教里，既有信仰这个教派的自由，也有信仰那个教派的自由,既有过去信教而现在不信教的自由，也有过去不信教而现在信教的自由,,,
/第六章,判断题,我国宪法规定，宗教团体和宗教事务不受外国势力的支配。,A,易,,2,正确,错误,,,,,
/第六章,多选题,文化活动方面的权利主要表现为公民的文化权利，主要包括（）。,ABC,中,,4,科学研究的自由,文学艺术创作的自由,进行其他文化活动的自由,宣传邪教思想的自由,,,
/第六章,判断题,文化权利有个人的文化权利和集体的文化权利之分。,A,易,,2,正确,错误,,,,,
/第六章,多选题,公民在行使自由和权利的时候，不得损害（）。,ABCD,易,,4,国家的利益,社会的利益,集体的利益,其他公民的合法的自由和权利,,,
/第六章,多选题,根据我国民事诉讼法规定，起诉应当向人民法院递交起诉状，但书写起诉状确有困难的，可以口头起诉，由人民法院记入笔录，并告知对方当事人。这说明权利行使的方式分为（）。,ABCD,易,,4,口头方式,书面方式,行为方式,有时口头方式和书面方式可以兼用,,,
/第六章,多选题,我国选举法对选举程序作了规定，包括（）、选举投票、确定当选人等流程。,ABCD,中,,4,确定选民资格,选民登记,发放选民证,推荐候选人,,,
/第六章,多选题,我国宪法规定了公民遵守宪法和法律的义务，还规定了若干具体义务，主要包括（）、尊重社会公德等。,ABCD,易,,4,保守国家秘密,爱护公共财产,遵守劳动纪律,遵守公共秩序,,,
/第六章,多选题,每位公民必须维护公共秩序，并同一切违反公共秩序的行为作斗争。公共秩序包括（）等。,BCD,易,,4,家庭秩序,生产秩序,网络秩序,教学科研秩序,,,
/第六章,多选题,我国国家安全法规定，（），都有维护国家安全的责任和义务。,ABCD,中,,4,公民,一切国家机关和武装力量,各政党和各人民团体,企业事业组织和其他社会组织,,,
/第六章,判断题,我国实行义务兵与志愿兵相结合、民兵与预备役相结合的兵役制度。,A,易,,2,正确,错误,,,,,
/第六章,判断题,我国公民都有义务依法服兵役。,A,易,,2,正确,错误,,,,,
/第六章,单选题,根据《中华人民共和国兵役法》，普通高等学校毕业生的征集年龄可以放宽到（）周岁。,D,易,,4,18,20,22,24,,,
/第六章,多选题,大学生要（），不断提升自己的法治素养。,ABC,易,,4,尊重法律权威,学习法律知识,养成守法习惯,直接参与法律制定,,,
/第六章,判断题,一个对法律知识一无所知的人，不可能具备法治素养。,A,易,,2,正确,错误,,,,,
